tnsName,z_type,distance_Mpc,uncertainty_Mpc,lumdist_neg_err,lumdist_pos_err,gw_test_mean,gw_test_std,width_ratio,rel_offset,asym_pos_over_neg,shape_category,shape_match_dist,Hybrid BC/Tophat V3,Hybrid BC/Tophat,photoz
AT2025aimy,spec-z,132.6436,1.2792869,1.2792869,1.2792869,108.20648931966024,35.90517676485672,0.035629594817985714,0.6806013194247332,1.0,asymmetric_pdf_deltafunc,1.1042564180652392,0.9782727877555102,0.9728428108896108,0.032*
AT2025aimz,spec-z,140.14,0.89162415,0.89162415,0.89162415,102.09657653671565,26.421819309566757,0.033745751553041714,1.4398487483982474,1.0,asymmetric_pdf_deltafunc,1.1556798127265548,0.9451483483514038,0.9714751279026334,-
AT2025aina,spec-z,49.29492,0.6461045,0.6461045,0.6461045,107.4283939551573,32.35107556345118,0.019971654380787893,-1.7969564517611878,1.0,asymmetric_pdf_deltafunc,1.5191091386902043,0.8782872396598846,0.9804357891052244,-
AT2025ailn,spec-z,354.70035,0.9777714,0.9777714,0.9777714,101.14618053230063,26.600325478881697,0.03675787353715893,9.531995000173925,1.0,asymmetric_pdf_deltafunc_offset,1.080936333575673,0.0055576803579604,1.4018157997616021e-12,-
AT2025adkm,spec-z,914.6316,2.4422748,2.4422748,2.4422748,104.93426091381856,25.76688940626932,0.09478345490184671,31.423945914448435,1.0,asymmetric_pdf_deltafunc_offset,1.2660866920631526,0.0006851584855097,2.2683266156838748e-108,0.09
AT2025wjk,spec-z,377.19864,0.06163635,0.06163635,0.06163635,93.18843643200783,29.287450697683788,0.002104531071558049,9.69733441464925,1.0,asymmetric_pdf_deltafunc_offset,1.497135580356655,0.0054364173272145,8.421182619546243e-15,-
AT2025ailv,spec-z,292.01154,0.032124754,0.032124754,0.032124754,86.76442363661921,22.27701597393305,0.0014420582198975867,9.213402576159488,1.0,asymmetric_pdf_deltafunc_offset,1.500849890196155,0.0058482517938678,4.7049257551531036e-14,0.297
AT2025adqf,spec-z,361.1851,0.0673986,0.0673986,0.0673986,90.63645916763043,21.747927598624063,0.0030990814961267456,12.440203306980223,1.0,asymmetric_pdf_deltafunc_offset,1.53794304302192,0.0037056841537542,3.844317904387627e-21,0.211
AT2025aimc,spec-z,3151.6429615517904,0.5600347508105195,0.5600347508105195,0.5600347508105195,88.77451317753122,27.96807903049104,0.02002406923264071,109.51300749097189,1.0,asymmetric_pdf_deltafunc_offset,1.894454514188605,5.869026664758986e-05,0.0,-
AT2025mii,spec-z,1047.952310502311,0.0235978073589681,0.0235978073589681,0.0235978073589681,88.90990712149406,32.534043651537885,0.000725326602856901,29.478118786979714,1.0,asymmetric_pdf_deltafunc_offset,1.8951150511178785,0.0007812647867924,1.247297962536548e-99,0.202
AT2025ailg,spec-z,940.6700496936152,0.1262697119643187,0.1262697119643187,0.1262697119643187,85.29437794358506,27.873085029713582,0.004530166353301445,30.6882309883593,1.0,asymmetric_pdf_deltafunc_offset,1.8951150511178785,0.0007228890776277,2.4317062311529186e-106,0.921
AT2025ailt,spec-z,940.132887623705,0.0498043973277971,0.0498043973277971,0.0498043973277971,91.8501537804109,29.246852898528086,0.0017028976587871996,29.004239765092326,1.0,asymmetric_pdf_deltafunc_offset,1.8951150511178785,0.0008058892041364,4.5775124399810645e-96,0.226
AT2025aimd,spec-z,1815.8158940152568,0.3463930960028633,0.3463930960028633,0.3463930960028633,85.02900727148416,23.04324001500359,0.015032308641377024,75.1103961776576,1.0,asymmetric_pdf_deltafunc_offset,1.8951150511178785,0.0001243952035479,0.0,-
AT2025aime,spec-z,1276.4206537662265,0.2646392278067304,0.2646392278067304,0.2646392278067304,90.13646721139769,26.092208894549987,0.010142461639650865,45.46507316989226,1.0,asymmetric_pdf_deltafunc_offset,1.8951150511178785,0.0003359483099855,5.665861872117577e-228,0.233
AT2025aimn,spec-z,622.2892584394879,0.0080578347536889,0.0080578347536889,0.0080578347536889,89.30641461772727,29.227830057837583,0.00027569048874800586,18.235457191555646,1.0,asymmetric_pdf_deltafunc_offset,1.8951150511178785,0.0019185202131213,5.095679004262384e-42,0.098
AT2025aimw,spec-z,1359.2529464051877,0.3413977708783119,0.3413977708783119,0.3413977708783119,96.20293136210076,24.57040401038292,0.013894674696193219,51.40534174811897,1.0,asymmetric_pdf_deltafunc_offset,1.8951150511178785,0.0002637003720308,3.2609856534292413e-290,0.31
AT2025adin,photo-z,98.13165667566876,18.083621432638637,21.965971209370664,14.201271655906602,97.0588738174152,24.68069480434901,0.7327030934903866,0.04346647721054128,0.6465123495130665,base_pdf,0.3260228369211656,0.9909921202740336,0.9742266396867836,0.019*
AT2025aimv,photo-z,373.6085,4.310699557599767,4.310699557599767,4.310699557599767,89.30641461772727,29.227830057837583,0.14748613048144613,9.727102040065262,1.0,deltafunc_offset_pdf,0.2224847649640213,0.005336021065301,6.999309492354595e-12,0.422
AT2025vyp,photo-z,338.073793,156.56039407817656,156.56039407817656,156.56039407817656,87.90016963249415,24.19894866324844,6.469718840139068,10.338202161131525,1.0,verywide_pdf_offset,0.31682002970286866,0.2960546750345317,0.2960546751261624,-
AT2025aimr,photo-z,503.8541397292885,234.81568815787205,234.81568815787205,234.81568815787205,94.43900179055856,27.73594134922848,8.466115687268852,14.761176943075649,1.0,verywide_pdf_offset,0.7022789489735914,0.2288148895729123,0.2288148895729365,-
AT2025aimg,photo-z,498.32386625728407,212.0498823845038,281.8322721470944,142.2674926219133,105.62031335155436,26.13520907146051,8.11357130546398,15.025843176994501,0.5047948964044147,verywide_pdf_offset,0.8333159409249714,0.3131815012940978,0.3131815012942341,-
AT2025aims,photo-z,556.7167599999999,163.06936456353534,163.06936456353534,163.06936456353534,98.44117936956376,28.829526934021214,5.656331612264511,15.896049271957816,1.0,verywide_pdf_offset,0.9497897100228008,0.0861145445968125,0.0861145452782658,-
AT2025ailu,photo-z,1259.8575897116327,293.2749639155295,293.2749639155295,293.2749639155295,89.30641461772727,29.227830057837583,10.034099806081445,40.049198752612035,1.0,verywide_pdf_offset,1.1627498687487028,0.0085535205425555,0.0085535205425555,0.31
AT2025aimm,photo-z,2604.3913112696687,319.05286529877964,319.05286529877964,319.05286529877964,102.7176443093946,27.56010232899869,11.576621214612574,90.77156670525196,1.0,verywide_pdf_offset,1.1674990809444385,9.795815994825553e-08,9.795815994825553e-08,-
AT2025ailr,photo-z,1297.762955394326,496.4499929583941,496.4499929583941,496.4499929583941,105.21218633382315,37.15684722093754,13.360928875543808,32.0950472996135,1.0,verywide_pdf_offset,1.1812506245077725,0.090711420097764,0.090711420097764,-
AT2025aimp,photo-z,1390.22828,185.5409461812343,185.5409461812343,185.5409461812343,97.10016104515827,25.351598678325654,7.31870792589749,51.007754396980154,1.0,verywide_pdf_offset,1.1841954138779232,3.443125710373051e-06,3.4431257075295128e-06,-
AT2025admd,photo-z,535.1851785276907,175.13813208675805,195.4884303518134,154.78783382170266,92.87928701889568,22.67490677974044,7.723874403895691,19.50640396475571,0.791800484269768,verywide_pdf_offset,1.1842984067422961,0.1430862188672634,0.1430862188675584,-
AT2025ailf,photo-z,1800.303292307564,293.64530772160856,351.51829067592246,235.77232476729472,102.95026607615772,27.039114736133744,10.860019293797198,62.77398660404911,0.670725623733366,verywide_pdf_offset,1.1843514995674513,0.0013004387225837,0.0013004387225837,0.417
AT2024aeuy,photo-z,912.5567194636444,325.42297072662006,386.9319733329888,263.91396812025124,109.0517175344893,28.87206984639991,11.27120336220707,27.82983714724371,0.6820681316328703,verywide_pdf_offset,1.1843522509513411,0.1441982706235411,0.1441982706235411,0.163
AT2025aild,photo-z,870.7995414963519,326.8314465923681,366.7040188826528,286.95887430208336,92.80723911058524,23.984753027060037,13.626633812890667,32.43695282198743,0.7825353951026964,verywide_pdf_offset,1.1913175156072,0.1250129790621609,0.1250129790621609,-
AT2025aimh,photo-z,1540.9494199501055,181.8704791575676,187.22086499327605,176.52009332185915,99.87841547773758,26.250316450785835,6.928315683300005,54.89728122607938,0.9428441286616146,verywide_pdf_offset,1.1927176793152945,2.6139465567566297e-07,2.6139464381652504e-07,-
AT2025aili,photo-z,617.9564685397924,169.73228796597837,169.73228796597837,169.73228796597837,93.15654526268304,25.446156099240063,6.670252564042368,20.623937117668714,1.0,verywide_pdf_offset,1.1986190248665527,0.0522174519278678,0.0522174519350193,-
AT2025ailp,photo-z,643.9447070136163,300.84957363717484,367.8113544025784,233.88779287177127,88.69643729076233,24.228285896810217,12.417286758069142,22.91735668332836,0.6358906272800253,verywide_pdf_offset,1.1986794720882075,0.2319733125646972,0.2319733125646972,0.166
AT2025adil,photo-z,849.1226093369082,438.3943793283836,563.8285742437074,312.96018441305984,110.3883956565512,41.040608945691936,10.68196575514999,18.000079254620868,0.5550626532769284,verywide_pdf_offset,1.206958193887618,0.287780769877709,0.287780769877709,0.145
AT2025aima,photo-z,3557.043659491312,205.4173866285136,205.4173866285136,205.4173866285136,99.6788910596497,32.723228292060064,6.2774181323166065,105.65475806892056,1.0,verywide_pdf_offset,1.2099529041119685,4.368593995900984e-14,5.634751622726811e-31,-
AT2025aimx,photo-z,1091.254758,177.82696398121897,177.82696398121897,177.82696398121897,103.94694684467132,29.55185695232835,6.017454817410661,33.40933237285247,1.0,verywide_pdf_offset,1.218711482344684,0.0003145674978271,0.0003145674972306,0.294
AT2025aimu,photo-z,2137.782846765592,398.1305570804595,398.1305570804595,398.1305570804595,87.00138858197548,23.49539095289804,16.945049260027403,87.28441515592925,1.0,verywide_pdf_offset,1.2229763559255182,0.0004607637605433,0.0004607637605433,0.264
AT2025aimi,photo-z,662.310001,166.10228569874704,166.10228569874704,166.10228569874704,106.9167081848283,29.597303645853707,5.612074927035333,18.764996280091108,1.0,verywide_pdf_offset,1.2346544470854144,0.0390945663177054,0.0390945666799559,0.179
AT2025ailz,photo-z,1572.8189679712707,471.82589839084886,471.82589839084886,471.82589839084886,99.06916979736695,26.18001410570027,18.02236990728422,56.29293369452459,1.0,verywide_pdf_offset,1.237425151439976,0.0291692628606301,0.0291692628606301,-
AT2025aiki,photo-z,3733.497499686877,796.2265678057669,848.2148825181978,744.238253093336,114.41466092715343,40.166338483262486,19.82323004466933,90.10238362323749,0.877417112611637,verywide_pdf_offset,1.2644877489063246,0.0033345403165201,0.0033345403165201,0.364
AT2025ailh,photo-z,3131.4412100978816,640.2562726562012,733.8749039564698,546.6376413559327,94.03900739179608,31.66500049608208,20.21968301359794,95.92301137282168,0.7448648787537185,verywide_pdf_offset,1.2781782804725073,0.0043198762927651,0.0043198762927651,0.251
AT2025ails,photo-z,851.3650056375009,646.6562553852143,665.366916202221,627.9455945682076,107.11901953298856,29.88719661681129,21.636564435135938,24.901833238045498,0.9437583674168734,verywide_pdf_offset,1.2886826634523967,0.2335707272789506,0.2335707272789506,0.413
AT2025vof,photo-z,738.5679438738803,560.1860637870329,662.8159840206475,457.5561435534185,84.79141083999828,26.828741913448532,20.880072035961803,24.36851251329684,0.6903215290281308,verywide_pdf_offset,1.293296851042704,0.2611672268120168,0.2611672268120168,0.111
AT2025ailc,photo-z,1906.6848612988504,104.50904066088584,100.17262557249109,108.84545574928056,91.47411854368326,23.334909820951744,4.478656290629852,77.78949036800398,1.0865788445418483,verywide_pdf_offset,1.2989811833864287,1.0711967906178679e-10,9.926768363001723e-35,0.367
AT2025ailo,photo-z,4411.585077323079,646.0301859710703,646.0301859710703,646.0301859710703,100.69113558248613,26.630748751890277,24.258806689587143,161.87655788065672,1.0,verywide_pdf_offset,1.3257808828102524,4.270885190295501e-06,4.270885190295501e-06,-
AT2025ailk,photo-z,2657.702588155714,619.1551460315457,733.3470852663299,504.96320679676126,103.06487780829669,25.34321984272932,24.430800422116615,100.80162371634532,0.6885732785225069,verywide_pdf_offset,1.3436437438256683,0.0137942392858529,0.0137942392858529,-
AT2025abwx,photo-z,137.65290843197397,49.484227886693816,49.484227886693816,49.484227886693816,6.126291683980149,1.9130271174558564,25.866976706792908,68.75313765698819,1.0,verywide_pdf_offset,1.348553068079721,0.0472537551006129,0.0472537551006129,-
AT2025aimt,photo-z,1075.8939465088044,359.71456776645294,958.3538483294692,-238.9247127965634,96.01373257689868,32.43038722532307,11.091898634055532,30.21487862984172,-0.24930740687590403,verywide_pdf_offset,1.3886500628387513,0.398369936802585,0.398369936802585,-
AT2025ailx,photo-z,1757.3339943154415,636.3610312329836,636.3610312329836,636.3610312329836,90.83077999737932,21.83348484280032,29.146104518575108,76.32786182859849,1.0,verywide_pdf_offset,1.3939707852187024,0.047237751991125,0.047237751991125,0.481
AT2025adjw,photo-z,2525.8859100292566,964.1489920599528,1056.8469116175745,871.451072502331,93.37737027779934,25.602949665495085,37.65773102930127,95.00891778222459,0.8245764480387393,verywide_pdf_offset,1.5070712456906985,0.0613388369780545,0.0613388369780545,0.313
AT2025xhb,photo-z,640.561005,165.48272854402418,165.48272854402418,165.48272854402418,6.126291683980149,1.9130271174558564,86.50307517025709,331.63916367257644,1.0,verywide_pdf_offset,1.5312757581565892,0.0038173059749365,0.0038173059749365,-
AT2025aazc,photo-z,454.33532662285455,235.6462209556084,235.6462209556084,235.6462209556084,6.126291683980149,1.9130271174558564,123.17975987135792,234.29309017582025,1.0,verywide_pdf_offset,1.5312757581565892,0.0517060198633251,0.0517060198633251,-
AT2025ailw,photo-z,3436.1464141750625,1270.1455605788942,1270.1455605788942,1270.1455605788942,85.02900727148416,23.04324001500359,55.12009421209409,145.42735330281877,1.0,verywide_pdf_offset,1.5312757581565892,0.0333607700340509,0.0333607700340509,0.353
AT2025aimo,photo-z,6067.265516072631,2437.6004698208844,2437.6004698208844,2437.6004698208844,93.08071762575776,24.85364385699948,98.07819263228028,240.3746039341582,1.0,verywide_pdf_offset,1.5312757581565892,0.0317947392958632,0.0317947392958632,-
AT2025ailj,photo-z,9434.95412448244,2362.8490632952826,2393.5555158753778,2332.142610715188,107.67441084709152,28.734740532965933,82.22969894523682,324.5994061764583,0.9743423936679698,verywide_pdf_offset,1.5313410193803543,0.0034908087470536,0.0034908087470536,0.301
AT2025aile,photo-z,3787.3505178446335,3391.445902202877,3194.3611487851986,3588.5306556205555,104.54885423575232,26.535902804176,127.80593625287017,138.78561776422063,1.1233954109995539,verywide_pdf_offset,1.5325830072566333,0.094918029929793,0.094918029929793,0.22
AT2025aimq,photo-z,4298.500601053332,2212.291777312213,2022.9708473790915,2401.612707245336,91.03698393022246,25.0554627742012,88.29578592298598,167.92599901429077,1.18717118951902,verywide_pdf_offset,1.534116718013404,0.0511929095022084,0.0511929095022084,0.216
AT2025ailq,photo-z,6261.134022537282,2206.3824337873093,2410.1968631604523,2002.5680044141664,102.79731863090504,25.642658498292548,86.04343554839387,240.15983772963472,0.8308732099950671,verywide_pdf_offset,1.5345881889127362,0.0298235403587921,0.0298235403587921,-
AT2025adqe,photo-z,4159.511976506004,2622.581483787203,2869.595174418302,2375.567793156104,81.75046912544727,22.735237060347806,115.35316200248508,179.35865355424517,0.8278407401621232,verywide_pdf_offset,1.5347200707430273,0.0824483169181911,0.0824483169181911,0.273
AT2025aiml,photo-z,7365.17561607589,1182.176431386294,1023.7828267848868,1340.5700359877012,105.14044184762368,26.414397370295745,44.755002918056654,274.85144076739465,1.3094281335013802,verywide_pdf_offset,1.5382803888202812,7.378524321321247e-07,7.378524321321247e-07,1.039
AT2025aimb,photo-z,9642.59753208925,2556.459960209293,2937.486857031241,2175.433063387345,96.40808031551371,25.058660268600995,102.01901988401944,380.95370420641774,0.7405762712368141,verywide_pdf_offset,1.5399638757125245,0.0099630744235537,0.0099630744235537,-
AT2025aill,photo-z,1286.0248149542936,1443.5111735207204,1195.4434063035897,1691.578940737851,98.63091021682096,28.69857456867417,50.299054751533895,41.37466485996027,1.4150221849216214,verywide_pdf_offset,1.5428728511716818,0.1646084419475278,0.1646084419475278,-
AT2025ailm,photo-z,2587.940182487016,1665.210113407963,1981.600473327337,1348.819753488589,92.62887608853144,25.65514160499302,64.90746139884408,97.26359514277036,0.6806718971073741,verywide_pdf_offset,1.54550372810171,0.124812881362746,0.124812881362746,0.464
AT2025aimk,photo-z,2784.829134492572,3302.483405548416,2665.1415706191788,3939.8252404776536,88.37807704929595,26.42750045616552,124.96389550824692,102.0320125210402,1.4782799097469086,verywide_pdf_offset,1.545964188260792,0.1034734160552757,0.1034734160552757,0.269
AT2025aily,photo-z,6524.381765103309,4112.62750958102,3146.676935360981,5078.578083801059,106.6733602435032,25.60093270302651,160.64365924819725,250.68260126714495,1.6139496326204372,verywide_pdf_offset,1.5532524028893586,0.0396728743935052,0.0396728743935052,-
AT2025aimj,photo-z,3023.8064488829486,4674.520475754017,2919.4038429219863,6429.637108586047,99.16179887479298,26.481874981221388,176.51773067687898,110.439485575778,2.202380162023327,verywide_pdf_offset,1.5903525982118265,0.0866605357190889,0.0866605357190889,0.13
AT2025aimf,photo-z,130.39186280281191,391.94578844665625,391.94578844665625,391.94578844665625,91.3058355388157,30.175506685920432,12.988871819989487,1.2952898412218985,1.0,verywide_slightly_offset_pdf,0.19279772871511028,0.4841509206123846,0.4841509206123846,-
